{
    "LabelBrowseLibrary": "\u062a\u0635\u0641\u062d \u0627\u0644\u0645\u0643\u062a\u0628\u0629",
    "LabelConfigureServer": "\u0636\u0628\u0637 \u0625\u0639\u062f\u0627\u062f\u0627\u062a \u0623\u0645\u0628\u064a",
    "LabelExit": "\u062e\u0631\u0648\u062c",
    "LabelVisitCommunity": "\u0632\u064a\u0627\u0631\u0629 \u0627\u0644\u0645\u062c\u062a\u0645\u0639",
    "LabelRestartServer": "Restart Emby Server",
    "WelcomeToEmbyServer": "Welcome to Emby Server!",
    "EmbyServer": "Emby Server"
}