{
    "LabelBrowseLibrary": "\u03a0\u03b5\u03c1\u03b9\u03b7\u03b3\u03b7\u03b8\u03b5\u03af\u03c4\u03b5 \u03c3\u03c4\u03b7 \u03b2\u03b9\u03b2\u03bb\u03b9\u03bf\u03b8\u03ae\u03ba\u03b7",
    "LabelConfigureServer": "\u03a1\u03c5\u03b8\u03bc\u03af\u03c3\u03b5\u03b9\u03c2 Emby",
    "LabelExit": "\u0388\u03be\u03bf\u03b4\u03bf\u03c2",
    "LabelVisitCommunity": "\u039a\u03bf\u03b9\u03bd\u03cc\u03c4\u03b7\u03c4\u03b1",
    "LabelRestartServer": "\u0395\u03c0\u03b1\u03bd\u03b5\u03ba\u03ba\u03af\u03bd\u03b7\u03c3\u03b7 \u03b4\u03b9\u03b1\u03ba\u03bf\u03bc\u03b9\u03c3\u03c4\u03ae",
    "WelcomeToEmbyServer": "\u039a\u03b1\u03bb\u03ce\u03c2 \u03ae\u03c1\u03b8\u03b1\u03c4\u03b5 \u03c3\u03c4\u03bf Emby!",
    "EmbyServer": "Emby"
}